id;time_in;event_id;participant_id;time_out
8;2025-07-30 08:00:00+08;to2psadgd9;90ee4072-e15b-4e5e-9364-8dddabfd5806;2025-07-31 08:00:00+08
9;2025-07-30 08:00:00+08;to2psadgd9;48821cf0-e8c1-4245-bb87-04eb9b672e48;2025-07-31 08:00:00+08
10;2025-07-30 08:00:00+08;to2psadgd9;cedb7ca7-bf84-46d8-bfc3-6eb1bb0329fd;2025-07-31 08:00:00+08
11;2025-07-30 08:00:00+08;to2psadgd9;5cb770bf-9ad7-400e-b10f-75cf9729424a;2025-07-31 08:00:00+08
12;2025-07-30 08:00:00+08;to2psadgd9;1d10b8ff-c395-4842-bad3-de281cbd891a;2025-07-31 08:00:00+08
13;2025-07-30 08:00:00+08;to2psadgd9;9f025524-d698-414c-bf05-cd0431912d82;2025-07-31 08:00:00+08
14;2025-07-30 08:00:00+08;to2psadgd9;324afc47-69d5-42aa-a711-7f276ef45624;2025-07-31 08:00:00+08
15;2025-07-30 08:00:00+08;to2psadgd9;3072da43-3f30-48e3-91ef-e9d8546956c0;2025-07-31 08:00:00+08
16;2025-07-30 08:00:00+08;to2psadgd9;273efedf-71d3-4b73-895d-cb25eef6b36f;2025-07-31 08:00:00+08
17;2025-07-30 08:00:00+08;to2psadgd9;020c59dd-89ee-448f-b719-91fcfe279f35;2025-07-31 08:00:00+08
18;2025-07-30 08:00:00+08;to2psadgd9;87dea408-e856-4283-bbe4-18d6968ed2c9;2025-07-31 08:00:00+08
19;2025-07-30 08:00:00+08;to2psadgd9;18392787-a2c9-4ee0-a619-76792c7843df;2025-07-31 08:00:00+08
20;2025-07-30 08:00:00+08;to2psadgd9;6468b4de-0167-4e85-9097-4672b4748098;2025-07-31 08:00:00+08
21;2025-07-30 08:00:00+08;to2psadgd9;9539b661-e9f7-4847-b838-0df56ff84358;2025-07-31 08:00:00+08
22;2025-07-30 08:00:00+08;to2psadgd9;98d2e347-400a-4345-b438-d3e7d9f05b6b;2025-07-31 08:00:00+08
23;2025-07-30 08:00:00+08;to2psadgd9;034a3ecb-e338-4159-9010-8884e824396d;2025-07-31 08:00:00+08
24;2025-07-30 08:00:00+08;to2psadgd9;536faa25-806a-49be-8cbb-91fa44058f45;2025-07-31 08:00:00+08
25;2025-07-30 08:00:00+08;to2psadgd9;3a03fe13-40a7-4079-8292-e152e1fe0375;2025-07-31 08:00:00+08
26;2025-07-30 08:00:00+08;to2psadgd9;cc5a4256-8fd7-4b10-a6e9-130d2db3f208;2025-07-31 08:00:00+08
27;2025-07-30 08:00:00+08;to2psadgd9;1b6fd7ba-55b4-4de7-98ab-123933a61821;2025-07-31 08:00:00+08
28;2025-07-30 08:00:00+08;to2psadgd9;afba32d3-3b4f-4b52-a63a-b9fa822e6de0;2025-07-31 08:00:00+08
29;2025-07-30 08:00:00+08;to2psadgd9;73279bbc-3cf4-45df-b5d2-74ee93b6064f;2025-07-31 08:00:00+08
30;2025-07-30 08:00:00+08;to2psadgd9;b1acddce-e388-44cb-a734-101608c5c7c2;2025-07-31 08:00:00+08
31;2025-07-30 08:00:00+08;to2psadgd9;fafdc436-e3e3-4100-8ee3-b4420a7e0e6a;2025-07-31 08:00:00+08
32;2025-07-30 08:00:00+08;to2psadgd9;90cc09c8-b5c9-4951-8126-9bedafbf7e27;2025-07-31 08:00:00+08
33;2025-07-30 08:00:00+08;to2psadgd9;fb17473c-f84e-48d6-abfe-bbbcf8af7b36;2025-07-31 08:00:00+08
34;2025-07-30 08:00:00+08;to2psadgd9;3754d56f-95e9-49c1-9ade-61df3082117c;2025-07-31 08:00:00+08
35;2025-07-30 08:00:00+08;to2psadgd9;774390b3-23c0-47f4-b908-6df22e09f6ae;2025-07-31 08:00:00+08
36;2025-07-30 08:00:00+08;to2psadgd9;42f469a9-6f4e-4aa5-9e93-e75f57c0a596;2025-07-31 08:00:00+08
37;2025-07-30 08:00:00+08;to2psadgd9;e0d058a2-6c9b-447e-b723-ffeb34fee8ac;2025-07-31 08:00:00+08
38;2025-07-30 08:00:00+08;to2psadgd9;c664d25e-9dec-45ad-9719-027b6cdba709;2025-07-31 08:00:00+08
39;2025-07-30 08:00:00+08;to2psadgd9;10a75e28-a0d6-4437-a11b-d6d89a6d9c3b;2025-07-31 08:00:00+08
40;2025-07-30 08:00:00+08;to2psadgd9;d6cb96a5-80d0-4a9f-a028-9e131f0f4fa9;2025-07-31 08:00:00+08
41;2025-07-30 08:00:00+08;to2psadgd9;899edcf9-12ec-4b8d-9305-2ea6342d3abb;2025-07-31 08:00:00+08
42;2025-07-30 08:00:00+08;to2psadgd9;18273e73-843c-436e-ae9a-065a7a3fb132;2025-07-31 08:00:00+08
43;2025-07-30 08:00:00+08;to2psadgd9;9b3bac2f-a3d9-462c-a088-61dc9c420419;2025-07-31 08:00:00+08
44;2025-07-30 08:00:00+08;to2psadgd9;b7ddada3-0c1b-4813-a226-d8a1512e5705;2025-07-31 08:00:00+08
45;2025-07-30 08:00:00+08;to2psadgd9;04a43d1c-b73d-4620-8196-318d23365d0d;2025-07-31 08:00:00+08
46;2025-07-30 08:00:00+08;to2psadgd9;3df68830-3b0f-4344-947b-7c735b2460e4;2025-07-31 08:00:00+08
47;2025-07-30 08:00:00+08;to2psadgd9;89003330-0078-4593-9736-0f2ae3686c42;2025-07-31 08:00:00+08
48;2025-07-30 08:00:00+08;to2psadgd9;157a5798-43d7-4853-81b7-c4d56b35c546;2025-07-31 08:00:00+08
49;2025-07-30 08:00:00+08;to2psadgd9;0c852a3f-ecad-4992-9653-2ab1fb7a74cd;2025-07-31 08:00:00+08
50;2025-07-30 08:00:00+08;to2psadgd9;280dbdaa-85b3-4389-aa57-178c0bfe1897;2025-07-31 08:00:00+08
51;2025-07-30 08:00:00+08;to2psadgd9;1e2c80d5-fe5a-4eb1-b2a1-6a8655c6542a;2025-07-31 08:00:00+08
52;2025-07-30 08:00:00+08;to2psadgd9;2f91e7b6-1006-4a63-9770-9f431ed7e046;2025-07-31 08:00:00+08
53;2025-07-30 08:00:00+08;to2psadgd9;3e75f972-64bd-48f8-8dc4-f63eb023c723;2025-07-31 08:00:00+08
54;2025-07-30 08:00:00+08;to2psadgd9;21d0d441-ec22-4724-9eb5-74f3cf31e488;2025-07-31 08:00:00+08
55;2025-07-30 08:00:00+08;to2psadgd9;df15f44b-5f7f-4409-96ab-3b12a343673e;2025-07-31 08:00:00+08
56;2025-07-30 08:00:00+08;to2psadgd9;c413b77e-9624-41d7-b6e4-30fe46e98d41;2025-07-31 08:00:00+08
57;2025-07-30 08:00:00+08;to2psadgd9;715674fd-06a4-4020-98a5-c51c31700ff4;2025-07-31 08:00:00+08
58;2025-07-30 08:00:00+08;to2psadgd9;c0168309-c03a-4757-99c1-09fb80b7ea1b;2025-07-31 08:00:00+08
59;2025-07-30 08:00:00+08;to2psadgd9;75067f7e-e89a-4caa-affc-c9f9510ea5bc;2025-07-31 08:00:00+08
60;2025-07-30 08:00:00+08;to2psadgd9;fed1fcab-4917-4d75-af75-493bcabd07b7;2025-07-31 08:00:00+08
61;2025-07-30 08:00:00+08;to2psadgd9;9fd43c38-4d77-44b9-bdb6-d9d9c42f0bf4;2025-07-31 08:00:00+08
62;2025-07-30 08:00:00+08;to2psadgd9;05fa3f5b-7e2e-4097-a1eb-d0a25b5c0e97;2025-07-31 08:00:00+08
63;2025-07-30 08:00:00+08;to2psadgd9;175d8a0d-c533-47c9-9bf6-9843735b74ba;2025-07-31 08:00:00+08
64;2025-07-30 08:00:00+08;to2psadgd9;e058086a-274e-4c03-a704-06714e513710;2025-07-31 08:00:00+08
65;2025-07-30 08:00:00+08;to2psadgd9;431c0038-2d49-4e7c-9cb1-94cbc2b8e44c;2025-07-31 08:00:00+08
66;2025-07-30 08:00:00+08;to2psadgd9;6c028639-1a5a-4d7b-959d-a4df032332bd;2025-07-31 08:00:00+08
67;2025-07-30 08:00:00+08;to2psadgd9;52677fa5-5a5f-4575-8a3d-7fdbf78ea0e2;2025-07-31 08:00:00+08
68;2025-07-30 08:00:00+08;to2psadgd9;8435d139-bec2-4d1f-a5bb-635e19451f63;2025-07-31 08:00:00+08
69;2025-07-30 08:00:00+08;to2psadgd9;b9be82bb-de30-4e47-bce2-078afdc758a6;2025-07-31 08:00:00+08
70;2025-07-30 08:00:00+08;to2psadgd9;288225ef-d44f-41ef-8747-744526bf7065;2025-07-31 08:00:00+08
71;2025-07-30 08:00:00+08;to2psadgd9;483b14d7-8a9b-4f1d-a709-2f85130eeffb;2025-07-31 08:00:00+08
72;2025-07-30 08:00:00+08;to2psadgd9;2419874c-e232-4dee-8b1f-b3bfcbad4f77;2025-07-31 08:00:00+08
73;2025-07-30 08:00:00+08;to2psadgd9;3d41c548-5ab6-4128-860f-ef712ce97391;2025-07-31 08:00:00+08
74;2025-07-30 08:00:00+08;to2psadgd9;083c7ab6-c12e-450b-b582-a636c1383861;2025-07-31 08:00:00+08
75;2025-07-30 08:00:00+08;to2psadgd9;caa08bf1-24b8-49a0-87d1-811760cf9e02;2025-07-31 08:00:00+08
76;2025-07-30 08:00:00+08;to2psadgd9;832bc6e5-8c0c-45bb-a3c9-f6f86fb07848;2025-07-31 08:00:00+08
77;2025-07-30 08:00:00+08;to2psadgd9;a8947807-5c4f-4e66-a9a7-b146e0006e72;2025-07-31 08:00:00+08
78;2025-07-30 08:00:00+08;to2psadgd9;e50d0df5-7a4a-49e4-a7ef-2e0ba39e81f6;2025-07-31 08:00:00+08
79;2025-07-30 08:00:00+08;to2psadgd9;201cf380-bd97-4eec-af2f-dda2cd83279c;2025-07-31 08:00:00+08
80;2025-07-30 08:00:00+08;to2psadgd9;61bdaa0b-e192-4e88-8946-06ba4001c8f5;2025-07-31 08:00:00+08
81;2025-07-30 08:00:00+08;to2psadgd9;5c3f8910-1993-4d31-88a4-a0a0e2b4d1b0;2025-07-31 08:00:00+08
82;2025-07-30 08:00:00+08;to2psadgd9;55fcd3db-4058-418f-a86b-01c926154c18;2025-07-31 08:00:00+08
83;2025-07-30 08:00:00+08;to2psadgd9;1543535d-1a7f-49ef-9db3-54d3c3b675b8;2025-07-31 08:00:00+08
84;2025-07-30 08:00:00+08;to2psadgd9;2f647f55-519b-408f-8813-02ee8ef76ef0;2025-07-31 08:00:00+08
85;2025-07-30 08:00:00+08;to2psadgd9;40f16c25-a6b1-477b-ac3f-a22101841aa8;2025-07-31 08:00:00+08
86;2025-07-30 08:00:00+08;to2psadgd9;6efbcf11-fa6d-47a3-87d0-f514834ec69d;2025-07-31 08:00:00+08
87;2025-07-30 08:00:00+08;to2psadgd9;402dae5e-eb89-47eb-9f71-b91b0f0e46f9;2025-07-31 08:00:00+08
88;2025-07-30 08:00:00+08;to2psadgd9;b7582445-b96c-4ee6-b9ad-3fd74384c0f4;2025-07-31 08:00:00+08
89;2025-07-30 08:00:00+08;to2psadgd9;3253f409-a779-4acc-8146-6e3fb473e601;2025-07-31 08:00:00+08
90;2025-07-30 08:00:00+08;to2psadgd9;468ab065-83e5-4690-bd87-36c6ae2e1847;2025-07-31 08:00:00+08
91;2025-07-30 08:00:00+08;to2psadgd9;134afaf8-610f-42de-94a1-4b0bb7c90f4b;2025-07-31 08:00:00+08
92;2025-07-30 08:00:00+08;to2psadgd9;c76a1d35-2daa-4ed1-90c7-015c761bce8f;2025-07-31 08:00:00+08
93;2025-07-30 08:00:00+08;to2psadgd9;eb5f5617-496f-4c4d-a7a8-55d176720441;2025-07-31 08:00:00+08
94;2025-07-30 08:00:00+08;to2psadgd9;faf51708-fe7a-4e46-8e4c-f3295f45938a;2025-07-31 08:00:00+08
95;2025-07-30 08:00:00+08;to2psadgd9;b36b9da5-a00b-4314-9e73-7c5a3b264e26;2025-07-31 08:00:00+08
96;2025-07-30 08:00:00+08;to2psadgd9;3e2730e9-5c55-4889-a3bf-a420590eea12;2025-07-31 08:00:00+08
97;2025-07-30 08:00:00+08;to2psadgd9;569f792e-9d87-4b5b-b3d3-3ac3edf9f17b;2025-07-31 08:00:00+08
98;2025-07-30 08:00:00+08;to2psadgd9;15e7c325-172b-4d95-8a07-42e97c2012e8;2025-07-31 08:00:00+08
99;2025-07-30 08:00:00+08;to2psadgd9;5f92f0d7-e1d3-489a-9cb7-012b681f37cc;2025-07-31 08:00:00+08
100;2025-07-30 08:00:00+08;to2psadgd9;1794da22-1468-4140-a009-8dd3922abf5c;2025-07-31 08:00:00+08
101;2025-07-30 08:00:00+08;to2psadgd9;8af51627-a5f6-47a5-9556-1bcc519a3f0e;2025-07-31 08:00:00+08
102;2025-07-30 08:00:00+08;to2psadgd9;e0c68fd4-ac72-49b4-8844-d2cde15b0763;2025-07-31 08:00:00+08
103;2025-07-30 08:00:00+08;to2psadgd9;895f40df-f0ae-4a81-bd98-2472b15c4275;2025-07-31 08:00:00+08
104;2025-07-30 08:00:00+08;to2psadgd9;a792637d-ad69-47cc-9cef-14a8c8e1e6fa;2025-07-31 08:00:00+08
105;2025-07-30 08:00:00+08;to2psadgd9;b1fbb6f6-92fb-4f6c-9c12-49c4558f358d;2025-07-31 08:00:00+08
106;2025-07-30 08:00:00+08;to2psadgd9;c1c69abb-3bcc-45ee-8497-01470c3b5e96;2025-07-31 08:00:00+08
107;2025-07-30 08:00:00+08;to2psadgd9;7ceb0e0e-c48c-4c8f-b83a-9aba87dfe74d;2025-07-31 08:00:00+08
108;2025-07-30 08:00:00+08;to2psadgd9;f3a4a3fb-9ecd-4f38-b848-d6addecf29f6;2025-07-31 08:00:00+08
109;2025-07-30 08:00:00+08;to2psadgd9;bcae5239-371d-4520-81ef-dcfd0aece7d1;2025-07-31 08:00:00+08
110;2025-07-30 08:00:00+08;to2psadgd9;c21a9e84-e5bd-4d1d-a5ac-7ca122a26a7a;2025-07-31 08:00:00+08
111;2025-07-30 08:00:00+08;to2psadgd9;48b34fac-4ebb-423e-a308-1a78bc453908;2025-07-31 08:00:00+08
112;2025-07-30 08:00:00+08;to2psadgd9;b3f071ca-cb46-40c5-ac07-1305e8cf1f92;2025-07-31 08:00:00+08
113;2025-07-30 08:00:00+08;to2psadgd9;f2094058-1f1c-4fb9-90af-fd06fc273a05;2025-07-31 08:00:00+08
114;2025-07-30 08:00:00+08;to2psadgd9;28920ae5-8e21-4280-9605-6a43602069d2;2025-07-31 08:00:00+08
115;2025-07-30 08:00:00+08;to2psadgd9;68acb825-7e71-4c49-bc66-df897b3f2612;2025-07-31 08:00:00+08
116;2025-07-30 08:00:00+08;to2psadgd9;7919c16a-d78d-47f8-afb6-da5a6cc42fde;2025-07-31 08:00:00+08
117;2025-07-30 08:00:00+08;to2psadgd9;84c0b0d1-bcef-4caf-8c27-a3b0b1c75820;2025-07-31 08:00:00+08
118;2025-07-30 08:00:00+08;to2psadgd9;418b176f-e168-46cc-b27b-7316113fd967;2025-07-31 08:00:00+08
119;2025-07-30 08:00:00+08;to2psadgd9;79e39234-b20e-4e21-91a5-3b1c299228cf;2025-07-31 08:00:00+08
120;2025-07-30 08:00:00+08;to2psadgd9;b7f412f4-403a-4ff9-8f8f-2342ff747cf9;2025-07-31 08:00:00+08
121;2025-07-30 08:00:00+08;to2psadgd9;c1366ff5-252f-4aba-b24c-8f54a03ae517;2025-07-31 08:00:00+08
122;2025-07-30 08:00:00+08;to2psadgd9;22ba4bbc-36cd-45ff-9be1-02f61871a0b9;2025-07-31 08:00:00+08
123;2025-07-30 08:00:00+08;to2psadgd9;34d289a2-3bd3-4ab9-a2cc-3b52e2307681;2025-07-31 08:00:00+08
124;2025-07-30 08:00:00+08;to2psadgd9;92ceca32-c009-4ca4-91a4-43d61e87e0dd;2025-07-31 08:00:00+08
125;2025-07-30 08:00:00+08;to2psadgd9;c18f8ebb-e236-4cdc-87f0-6f3e2c9ceff5;2025-07-31 08:00:00+08
126;2025-07-30 08:00:00+08;to2psadgd9;058f6a55-276a-4fa0-8fb3-08b25defbfba;2025-07-31 08:00:00+08
127;2025-07-30 08:00:00+08;to2psadgd9;b59cd644-3385-4cbb-9cc7-15176a908dee;2025-07-31 08:00:00+08
128;2025-07-30 08:00:00+08;to2psadgd9;9a5bb578-81dd-45d5-802a-a4e841aed6b7;2025-07-31 08:00:00+08
129;2025-07-30 08:00:00+08;to2psadgd9;c541ee5a-4718-4ef6-a79b-336185b118fa;2025-07-31 08:00:00+08
130;2025-07-30 08:00:00+08;to2psadgd9;a6f16efd-867a-4d37-8f27-f7702c87752b;2025-07-31 08:00:00+08
131;2025-07-30 08:00:00+08;to2psadgd9;5aae6a79-cf28-45f4-b394-98ffd317811e;2025-07-31 08:00:00+08
132;2025-07-30 08:00:00+08;to2psadgd9;f92827a9-48b7-4c2c-918d-d406370c6c67;2025-07-31 08:00:00+08
133;2025-07-30 08:00:00+08;to2psadgd9;33f56501-8aea-4834-883a-be09321fa7b6;2025-07-31 08:00:00+08
134;2025-07-30 08:00:00+08;to2psadgd9;1132d8cc-6ff5-4977-b9b4-66ad0ad45b84;2025-07-31 08:00:00+08
135;2025-07-30 08:00:00+08;to2psadgd9;a9d3262b-eb58-4a51-b587-46576bc97d4d;2025-07-31 08:00:00+08
136;2025-07-30 08:00:00+08;to2psadgd9;1c7da5fe-03ce-4a29-979f-48d9b73e3ed1;2025-07-31 08:00:00+08
137;2025-07-30 08:00:00+08;to2psadgd9;0251c2f5-6ea5-4957-b2f5-0824dbba4902;2025-07-31 08:00:00+08
138;2025-07-30 08:00:00+08;to2psadgd9;300aa86f-2fb0-444b-99f9-86ec4eeeb84e;2025-07-31 08:00:00+08
139;2025-07-30 08:00:00+08;to2psadgd9;877ff45c-bf54-490c-95dc-30518ae3b169;2025-07-31 08:00:00+08
140;2025-07-30 08:00:00+08;to2psadgd9;f769a736-bbe5-44c4-b721-4866528a617c;2025-07-31 08:00:00+08
141;2025-07-30 08:00:00+08;to2psadgd9;cfcfed57-2533-431a-94d5-6258d96c3187;2025-07-31 08:00:00+08
142;2025-07-30 08:00:00+08;to2psadgd9;1061a9f2-dd5d-4a3d-b23f-b00154f28b0d;2025-07-31 08:00:00+08
143;2025-07-30 08:00:00+08;to2psadgd9;82a2c1d2-5c0e-43a0-bd6c-416d4a99a234;2025-07-31 08:00:00+08
144;2025-07-30 08:00:00+08;to2psadgd9;72ac658e-278e-4e5b-8d94-c7352948bd3e;2025-07-31 08:00:00+08
145;2025-07-30 08:00:00+08;to2psadgd9;5b35cf23-d964-4275-a111-e410f8d10708;2025-07-31 08:00:00+08
146;2025-07-30 08:00:00+08;to2psadgd9;d5d5bf9d-ad41-421e-9dbb-10deb52e3c16;2025-07-31 08:00:00+08
147;2025-07-30 08:00:00+08;to2psadgd9;49ca162f-1320-4488-9ac0-cf3a64175186;2025-07-31 08:00:00+08
148;2025-07-30 08:00:00+08;to2psadgd9;a869117d-cf7d-44d1-8129-3687c5488182;2025-07-31 08:00:00+08
149;2025-07-30 08:00:00+08;to2psadgd9;61eec745-bf17-4f84-a4e0-573b098cd341;2025-07-31 08:00:00+08
150;2025-07-30 08:00:00+08;to2psadgd9;6b46c745-2e0b-4eaa-bd9d-c591258a68c6;2025-07-31 08:00:00+08
151;2025-07-30 08:00:00+08;to2psadgd9;96397f5b-51cb-4de5-8122-e7eddfa71b2f;2025-07-31 08:00:00+08
152;2025-07-30 08:00:00+08;to2psadgd9;1f8a3a5c-8aff-4cbc-affc-b42b65d59b06;2025-07-31 08:00:00+08
153;2025-07-30 08:00:00+08;to2psadgd9;812f18e5-cd18-4ba3-a5b5-e06a8c923521;2025-07-31 08:00:00+08
154;2025-07-30 08:00:00+08;to2psadgd9;0984a482-22d2-4e3a-b6f8-4af61ac2dc0c;2025-07-31 08:00:00+08
155;2025-07-30 08:00:00+08;to2psadgd9;ab051f27-1aef-4e65-8b50-ac6b95c4c63c;2025-07-31 08:00:00+08
156;2025-07-30 08:00:00+08;to2psadgd9;6f498f44-e64d-498d-8f85-fbea80afa941;2025-07-31 08:00:00+08
157;2025-07-30 08:00:00+08;to2psadgd9;ab13a4a2-b5f2-43f3-9151-49627388efbe;2025-07-31 08:00:00+08
158;2025-07-30 08:00:00+08;to2psadgd9;5aad0638-2716-47cb-a6ca-17b844bf336f;2025-07-31 08:00:00+08
159;2025-07-30 08:00:00+08;to2psadgd9;81eadea4-53b9-443c-ba83-c0552a7fbdbb;2025-07-31 08:00:00+08
160;2025-07-30 08:00:00+08;to2psadgd9;a0945869-259a-4faa-ac6c-e3a1d92af27b;2025-07-31 08:00:00+08
161;2025-07-30 08:00:00+08;to2psadgd9;375618c1-71db-4a5e-a455-dd09cd1c6888;2025-07-31 08:00:00+08
162;2025-07-30 08:00:00+08;to2psadgd9;a7e3ed46-1835-4721-8d1f-e002dbb82735;2025-07-31 08:00:00+08
163;2025-07-30 08:00:00+08;to2psadgd9;e2c269d8-9a99-40b0-ac73-b423dbe75cf5;2025-07-31 08:00:00+08
164;2025-07-30 08:00:00+08;to2psadgd9;609cd3bb-38be-4f5d-8e3d-dc612b976ff4;2025-07-31 08:00:00+08
165;2025-07-30 08:00:00+08;to2psadgd9;7eac6409-683a-454e-8756-2b0ec8c21b3e;2025-07-31 08:00:00+08
166;2025-07-30 08:00:00+08;to2psadgd9;5cb8cca7-52d0-4cde-ba07-7a0d278bf646;2025-07-31 08:00:00+08
167;2025-07-30 08:00:00+08;to2psadgd9;03fd4a73-c36e-4cd2-86e8-0ba52892d736;2025-07-31 08:00:00+08
168;2025-07-30 08:00:00+08;to2psadgd9;740d9b00-3e34-4cd2-9f51-19593d820cfa;2025-07-31 08:00:00+08
170;2025-07-30 08:00:00+08;to2psadgd9;d973bc87-bf02-4a6b-a3bc-92a77e01b5f9;2025-07-31 08:00:00+08
171;2025-07-30 08:00:00+08;to2psadgd9;2ff8cb7d-bf7b-47db-b9dd-329ef84ee8ac;2025-07-31 08:00:00+08
172;2025-07-30 08:00:00+08;to2psadgd9;b507c04a-98b1-45bd-9046-cb0d3a2fcc23;2025-07-31 08:00:00+08
173;2025-07-30 08:00:00+08;to2psadgd9;17322f63-dbf7-4e9f-ba69-82f00f36f774;2025-07-31 08:00:00+08
174;2025-07-30 08:00:00+08;to2psadgd9;105361ee-8583-4555-a059-8368f0e63b74;2025-07-31 08:00:00+08
175;2025-07-30 08:00:00+08;to2psadgd9;236ce4e7-136a-4bce-be8a-2c41453a3f4e;2025-07-31 08:00:00+08
176;2025-07-30 08:00:00+08;to2psadgd9;98335906-c638-4e96-8c0f-fbc9e73633e3;2025-07-31 08:00:00+08
177;2025-07-30 08:00:00+08;to2psadgd9;dc3ad165-85ad-456f-8b69-9ff5da42542d;2025-07-31 08:00:00+08
178;2025-07-30 08:00:00+08;to2psadgd9;738d88a0-9934-4eb2-a375-1f2e54f601f5;2025-07-31 08:00:00+08
179;2025-07-30 08:00:00+08;to2psadgd9;b07fe21c-6178-400a-b5ca-1e1a5a548184;2025-07-31 08:00:00+08
180;2025-07-30 08:00:00+08;to2psadgd9;e5761727-680a-4dac-a9f9-18b9784603ef;2025-07-31 08:00:00+08
181;2025-07-30 08:00:00+08;to2psadgd9;991a9fae-605f-4e7b-85b1-9bb3fff9e8bd;2025-07-31 08:00:00+08
182;2025-07-30 08:00:00+08;to2psadgd9;8a7b878d-f0b9-4a03-b522-35cab3dd768b;2025-07-31 08:00:00+08
183;2025-07-30 08:00:00+08;to2psadgd9;7c722c1d-de22-4be5-a50c-9f82277a21b7;2025-07-31 08:00:00+08
184;2025-07-30 08:00:00+08;to2psadgd9;e5e306fc-216a-4e28-8cd6-e217c22e1172;2025-07-31 08:00:00+08
185;2025-07-30 08:00:00+08;to2psadgd9;a6240422-5ded-4b9d-8d72-7d3b6b8d5f6a;2025-07-31 08:00:00+08
186;2025-07-30 08:00:00+08;to2psadgd9;1db609cd-ddc5-400c-aa7f-32aa0bb5163b;2025-07-31 08:00:00+08
187;2025-07-30 08:00:00+08;to2psadgd9;33a514f9-2f2d-4145-84fd-2547ddc77f97;2025-07-31 08:00:00+08
188;2025-07-30 08:00:00+08;to2psadgd9;1f082d9b-89a6-47bc-b1b5-b5ef4aa44114;2025-07-31 08:00:00+08
189;2025-07-30 08:00:00+08;to2psadgd9;82b5223e-ca89-4100-b27e-3c8bc7b1de1f;2025-07-31 08:00:00+08
190;2025-07-30 08:00:00+08;to2psadgd9;c786496e-94cf-42b3-8ffe-cc9f2ffd512a;2025-07-31 08:00:00+08
191;2025-07-30 08:00:00+08;to2psadgd9;5d1d2a7b-9308-4707-b0a3-1833d9a37e93;2025-07-31 08:00:00+08
192;2025-07-30 08:00:00+08;to2psadgd9;a2ddbadc-1dc7-4f26-95d0-afd3aa2d1282;2025-07-31 08:00:00+08
193;2025-07-30 08:00:00+08;to2psadgd9;ae743412-b94c-4960-971b-3defea09c50a;2025-07-31 08:00:00+08
194;2025-07-30 08:00:00+08;to2psadgd9;a4d199df-1bae-4a9b-81f3-0d9652d0e279;2025-07-31 08:00:00+08
195;2025-07-30 08:00:00+08;to2psadgd9;67fe8d59-ce90-4960-a053-9fa46aaf2d4e;2025-07-31 08:00:00+08
196;2025-07-30 08:00:00+08;to2psadgd9;5ee08f09-0b68-4a15-bcd2-f24129ea2253;2025-07-31 08:00:00+08
197;2025-07-30 08:00:00+08;to2psadgd9;a7d94c0d-1829-45d3-afa8-51bb648adf27;2025-07-31 08:00:00+08
198;2025-07-30 08:00:00+08;to2psadgd9;8de894b7-1bdf-4b2e-8f57-c04d3d4f8f96;2025-07-31 08:00:00+08
199;2025-07-30 08:00:00+08;to2psadgd9;14c7346d-6163-4074-ac3f-7ec0ce7dd520;2025-07-31 08:00:00+08
200;2025-07-30 08:00:00+08;to2psadgd9;05a06bbf-c6da-4033-8fdc-7fb78341616f;2025-07-31 08:00:00+08
201;2025-07-30 08:00:00+08;to2psadgd9;bb475941-df91-4379-a6d5-ec32a8f2e8b1;2025-07-31 08:00:00+08
202;2025-07-30 08:00:00+08;to2psadgd9;4c1ce930-0c85-4a25-aa03-d1ebc457c282;2025-07-31 08:00:00+08
203;2025-07-30 08:00:00+08;to2psadgd9;de360314-5a27-4ed5-8f7a-ced565ecec9c;2025-07-31 08:00:00+08
204;2025-07-30 08:00:00+08;to2psadgd9;edb39365-c162-4fdb-bc97-19be1c1f6d79;2025-07-31 08:00:00+08
205;2025-07-30 08:00:00+08;to2psadgd9;a0c2c8e6-f576-49aa-a01b-3b4c77f5c517;2025-07-31 08:00:00+08
206;2025-07-30 08:00:00+08;to2psadgd9;51b19f18-3aff-4029-801e-71565e313ae2;2025-07-31 08:00:00+08
207;2025-07-30 08:00:00+08;to2psadgd9;2393ff8b-cb2e-4905-8155-958bdf8fc41f;2025-07-31 08:00:00+08
208;2025-07-30 08:00:00+08;to2psadgd9;fc3eb159-2519-4206-a27a-93a4a482e8c1;2025-07-31 08:00:00+08
209;2025-07-30 08:00:00+08;to2psadgd9;c981c5e7-97a2-4aab-a117-86c0cf0dcb4e;2025-07-31 08:00:00+08
210;2025-07-30 08:00:00+08;to2psadgd9;979fbbb0-60f9-4bf9-9990-8da47490b473;2025-07-31 08:00:00+08
211;2025-07-30 08:00:00+08;to2psadgd9;80bbc484-8bf9-4bf0-b15b-cf184e0506ae;2025-07-31 08:00:00+08
212;2025-07-30 08:00:00+08;to2psadgd9;1c518cf6-93ff-47f3-ac41-209af4314432;2025-07-31 08:00:00+08
213;2025-07-30 08:00:00+08;to2psadgd9;0ef7d8ba-55fd-4639-a879-c7541048b22f;2025-07-31 08:00:00+08
214;2025-07-30 08:00:00+08;to2psadgd9;b1b36c9c-20b8-4db8-8f35-c6f03807a2db;2025-07-31 08:00:00+08
215;2025-07-30 08:00:00+08;to2psadgd9;acbe9bb5-0046-4120-8d55-34e6d1948e5e;2025-07-31 08:00:00+08
216;2025-07-30 08:00:00+08;to2psadgd9;66366eb9-441a-40cc-9c3d-4d42818c2896;2025-07-31 08:00:00+08
217;2025-07-30 08:00:00+08;to2psadgd9;c54a0f34-fc4a-4879-931d-00de28b455d9;2025-07-31 08:00:00+08
218;2025-07-30 08:00:00+08;to2psadgd9;6461e66e-065d-44d1-8c47-201d7ad42d5e;2025-07-31 08:00:00+08
219;2025-07-30 08:00:00+08;to2psadgd9;64f60976-cdc5-4ff8-aa8f-4050e2e244cd;2025-07-31 08:00:00+08
220;2025-07-30 08:00:00+08;to2psadgd9;453ba80c-eb85-46bf-9d1e-3ffb01b7cab4;2025-07-31 08:00:00+08
221;2025-07-30 08:00:00+08;to2psadgd9;d8a25db2-e545-41f7-8a8a-d89a1ebb0209;2025-07-31 08:00:00+08
222;2025-07-30 08:00:00+08;to2psadgd9;3b1041da-921d-4658-a57f-dee64ead6fd7;2025-07-31 08:00:00+08
223;2025-07-30 08:00:00+08;to2psadgd9;5e241eda-fa19-4819-8fc5-03a4ed110d92;2025-07-31 08:00:00+08
224;2025-07-30 08:00:00+08;to2psadgd9;96d9ba6e-0fb0-4fd2-95e9-e9e0c2384e19;2025-07-31 08:00:00+08
225;2025-07-30 08:00:00+08;to2psadgd9;525996ac-545a-4414-9220-466f76049fc7;2025-07-31 08:00:00+08
226;2025-07-30 08:00:00+08;to2psadgd9;f59b56e3-b6e4-4e88-8adc-3f84e456f6cb;2025-07-31 08:00:00+08
227;2025-07-30 08:00:00+08;to2psadgd9;af8da7ec-a509-4b18-8dd3-06e293b09186;2025-07-31 08:00:00+08
228;2025-07-30 08:00:00+08;to2psadgd9;f7cd6a48-68e0-41f6-9c05-1ce1314906bb;2025-07-31 08:00:00+08
229;2025-07-30 08:00:00+08;to2psadgd9;e4315074-b84c-432f-b295-b3576c47573e;2025-07-31 08:00:00+08
230;2025-07-30 08:00:00+08;to2psadgd9;66f874ed-272b-4688-8f88-9e63c8ad9a11;2025-07-31 08:00:00+08
231;2025-07-30 08:00:00+08;to2psadgd9;9bd9b7e1-93ef-4130-b945-f7ce0b7c4b48;2025-07-31 08:00:00+08
232;2025-07-30 08:00:00+08;to2psadgd9;cd28578b-0ddf-4f17-a012-57696cb0e192;2025-07-31 08:00:00+08
233;2025-07-30 08:00:00+08;to2psadgd9;b80d3f57-4321-4876-9414-fe0d6651bb60;2025-07-31 08:00:00+08
234;2025-07-30 08:00:00+08;to2psadgd9;26d4e621-6264-46ee-8c7a-3d8fe08df1c4;2025-07-31 08:00:00+08
235;2025-07-30 08:00:00+08;to2psadgd9;4de22cb4-f7f4-45fa-bb04-e2275696b2e8;2025-07-31 08:00:00+08
236;2025-07-30 08:00:00+08;to2psadgd9;47b2b34b-5309-4a81-99c2-0a91afb891d0;2025-07-31 08:00:00+08
237;2025-07-30 08:00:00+08;to2psadgd9;48c251de-fea7-4f87-8e32-919549fc95e8;2025-07-31 08:00:00+08
238;2025-07-30 08:00:00+08;to2psadgd9;a78ce73c-233d-4044-ac79-a0936cde254f;2025-07-31 08:00:00+08
239;2025-07-30 08:00:00+08;to2psadgd9;bedfa26a-2613-4ece-95bb-1c4b207e09b1;2025-07-31 08:00:00+08
240;2025-07-30 08:00:00+08;to2psadgd9;93b752ae-37ad-4752-8d7a-52c81043857a;2025-07-31 08:00:00+08
241;2025-07-30 08:00:00+08;to2psadgd9;46c1599e-4404-46ad-b1aa-e15fa0b572d2;2025-07-31 08:00:00+08
242;2025-07-30 08:00:00+08;to2psadgd9;cfc2480e-2b0c-40c7-9f21-2adfbfe01f48;2025-07-31 08:00:00+08
243;2025-07-30 08:00:00+08;to2psadgd9;afbfcc54-c67f-4a58-a2fb-55ea89742379;2025-07-31 08:00:00+08
244;2025-07-30 08:00:00+08;to2psadgd9;00623781-e293-40e0-b764-91f8f8d2d833;2025-07-31 08:00:00+08
245;2025-07-30 08:00:00+08;to2psadgd9;ad21ced5-d53b-4ba2-8f5c-d0e75740d764;2025-07-31 08:00:00+08
246;2025-07-30 08:00:00+08;to2psadgd9;9ec3beab-4ecc-4788-9875-7392009017c9;2025-07-31 08:00:00+08
247;2025-07-30 08:00:00+08;to2psadgd9;9797b49c-224d-4858-a1bf-b780ab16f509;2025-07-31 08:00:00+08
248;2025-07-30 08:00:00+08;to2psadgd9;88ceb829-2825-4547-8db9-7006ba845cfa;2025-07-31 08:00:00+08
249;2025-07-30 08:00:00+08;to2psadgd9;6ae73327-7b7d-4ecb-831e-ba48828d586b;2025-07-31 08:00:00+08
250;2025-07-30 08:00:00+08;to2psadgd9;d1813fe2-1ab6-4915-ba58-5f5f00a1b79a;2025-07-31 08:00:00+08
251;2025-07-30 08:00:00+08;to2psadgd9;d98ce3be-100e-45b8-ba2c-d1a85eb77303;2025-07-31 08:00:00+08
252;2025-07-30 08:00:00+08;to2psadgd9;8aebcbb9-06a2-49e1-9811-5a47a1ca244b;2025-07-31 08:00:00+08
253;2025-07-30 08:00:00+08;to2psadgd9;68505d57-ae22-475b-9d86-92f3542f09f1;2025-07-31 08:00:00+08
254;2025-07-30 08:00:00+08;to2psadgd9;95ffd234-32be-4fc3-9180-79794c54d7ad;2025-07-31 08:00:00+08
255;2025-07-30 08:00:00+08;to2psadgd9;e7de63f9-3614-464d-a62f-85937e2fba8d;2025-07-31 08:00:00+08
256;2025-07-30 08:00:00+08;to2psadgd9;57b0ebac-684d-45ee-b528-3d07b3862b52;2025-07-31 08:00:00+08
257;2025-07-30 08:00:00+08;to2psadgd9;6be1d7c5-ae88-4364-ae1e-4abc0d8aa931;2025-07-31 08:00:00+08
258;2025-07-30 08:00:00+08;to2psadgd9;fef7c3a6-152c-40c7-b58d-d41ecbcd6e75;2025-07-31 08:00:00+08
259;2025-07-30 08:00:00+08;to2psadgd9;75c99068-abcc-48de-ab6e-5b9691451acf;2025-07-31 08:00:00+08
260;2025-07-30 08:00:00+08;to2psadgd9;a669c8fa-b502-416f-b1c4-199682ef6b4f;2025-07-31 08:00:00+08
261;2025-07-30 08:00:00+08;to2psadgd9;ebc33689-f8a6-460f-bdb7-675c912997c3;2025-07-31 08:00:00+08
262;2025-07-30 08:00:00+08;to2psadgd9;3f65cf6f-8471-4997-8bcd-4ec1bc011c73;2025-07-31 08:00:00+08
263;2025-07-30 08:00:00+08;to2psadgd9;efb22b38-16fc-4572-b1cc-732ad9e1cc57;2025-07-31 08:00:00+08
264;2025-07-30 08:00:00+08;to2psadgd9;e4ded5e5-f8e3-420e-b2c4-89e38fa42d4b;2025-07-31 08:00:00+08
265;2025-07-30 08:00:00+08;to2psadgd9;272a6b3b-2a57-4e9e-83c8-6063c619c82d;2025-07-31 08:00:00+08
266;2025-07-30 08:00:00+08;to2psadgd9;c8767b5f-a513-4b4b-8eca-e2ff68d9dd00;2025-07-31 08:00:00+08
267;2025-07-30 08:00:00+08;to2psadgd9;f435d361-ef86-4367-ab37-ca34a471b920;2025-07-31 08:00:00+08
268;2025-07-30 08:00:00+08;to2psadgd9;6dea3ca3-b3cc-4e0f-bc43-bcd58dee4c4b;2025-07-31 08:00:00+08
269;2025-07-30 08:00:00+08;to2psadgd9;5718c067-feb2-4798-99ac-58f5b20aadaa;2025-07-31 08:00:00+08
270;2025-07-30 08:00:00+08;to2psadgd9;e7b954f1-517b-4590-922b-029014a606a1;2025-07-31 08:00:00+08
271;2025-07-30 08:00:00+08;to2psadgd9;80e95a33-eb53-41cd-be83-ee4300c1ea70;2025-07-31 08:00:00+08
272;2025-07-30 08:00:00+08;to2psadgd9;2197ff8e-3f33-47c1-8e58-bd593c745a95;2025-07-31 08:00:00+08
273;2025-07-30 08:00:00+08;to2psadgd9;da9f14ef-0b2e-4192-82f5-e541b0b3d392;2025-07-31 08:00:00+08
274;2025-07-30 08:00:00+08;to2psadgd9;99cd0813-ca52-4de3-b1b1-2d46adc62e92;2025-07-31 08:00:00+08
275;2025-07-30 08:00:00+08;to2psadgd9;d46abd72-613a-4c18-972d-7fe1a1749ff2;2025-07-31 08:00:00+08
276;2025-07-30 08:00:00+08;to2psadgd9;b3c44837-f784-475e-910a-f1267f60feac;2025-07-31 08:00:00+08
277;2025-07-30 08:00:00+08;to2psadgd9;3313f666-dc3f-4297-8adc-e692fda551ef;2025-07-31 08:00:00+08
278;2025-07-30 08:00:00+08;to2psadgd9;7544ec1b-1e6d-4c4d-a634-0df839410293;2025-07-31 08:00:00+08
279;2025-07-30 08:00:00+08;to2psadgd9;a26ebd48-6ddb-4140-b9cb-f978cc5e5bdf;2025-07-31 08:00:00+08
280;2025-07-30 08:00:00+08;to2psadgd9;355efa27-4f37-44cb-a2be-3c22c3f12bd5;2025-07-31 08:00:00+08
281;2025-07-30 08:00:00+08;to2psadgd9;5e64ce82-b02c-4a30-99a8-38105951865a;2025-07-31 08:00:00+08
282;2025-07-30 08:00:00+08;to2psadgd9;916deda2-5376-4ca4-90da-8497f0b2eaf4;2025-07-31 08:00:00+08
283;2025-07-30 08:00:00+08;to2psadgd9;1f7801e7-09a8-4f82-8126-0562ba55b222;2025-07-31 08:00:00+08
284;2025-07-30 08:00:00+08;to2psadgd9;470e7db8-9db1-478f-b81a-9cce5f5c78c9;2025-07-31 08:00:00+08
285;2025-07-30 08:00:00+08;to2psadgd9;680f51d2-e8ae-425b-b0a0-f9ea4bfebab8;2025-07-31 08:00:00+08
286;2025-07-30 08:00:00+08;to2psadgd9;662eba7b-d92c-4aa6-8fa3-2acb1a64cf12;2025-07-31 08:00:00+08
287;2025-07-30 08:00:00+08;to2psadgd9;990f5de2-b639-481b-ba5f-97a8c6911d1e;2025-07-31 08:00:00+08
288;2025-07-30 08:00:00+08;to2psadgd9;22387fdb-c344-42c6-a9d5-8623e7d3f283;2025-07-31 08:00:00+08
289;2025-07-30 08:00:00+08;to2psadgd9;af8042c1-880a-43b0-9d7a-a90d75803ad2;2025-07-31 08:00:00+08
290;2025-07-30 08:00:00+08;to2psadgd9;36ceac9a-939d-4163-b01b-d70b872abe65;2025-07-31 08:00:00+08
291;2025-07-30 08:00:00+08;to2psadgd9;adfccd4f-c63a-400d-bad5-c5520f2d4ab2;2025-07-31 08:00:00+08
292;2025-07-30 08:00:00+08;to2psadgd9;cfd25138-466a-4a95-a54c-16961794558b;2025-07-31 08:00:00+08
293;2025-07-30 08:00:00+08;to2psadgd9;c3075e90-9b50-42ea-b28e-262a222c4fb2;2025-07-31 08:00:00+08
294;2025-07-30 08:00:00+08;to2psadgd9;76334fd1-6a82-4091-a56d-b7711a5834ca;2025-07-31 08:00:00+08
295;2025-07-30 08:00:00+08;to2psadgd9;d83e9e98-6753-412e-91d3-36c5c9baa6b8;2025-07-31 08:00:00+08
296;2025-07-30 08:00:00+08;to2psadgd9;36edff79-6d65-4cf4-afb2-853d2aa1d414;2025-07-31 08:00:00+08
297;2025-07-30 08:00:00+08;to2psadgd9;4aa6c451-b596-4f77-a920-dc22aa9e0f9f;2025-07-31 08:00:00+08
298;2025-07-30 08:00:00+08;to2psadgd9;06e33f00-ad81-4915-b7de-5ba2d59c2bd1;2025-07-31 08:00:00+08
299;2025-07-30 08:00:00+08;to2psadgd9;3e858628-a152-427f-8ff9-aa38d16866f3;2025-07-31 08:00:00+08
300;2025-07-30 08:00:00+08;to2psadgd9;5be2877a-404f-47cd-acdd-b585376c1efb;2025-07-31 08:00:00+08
301;2025-07-30 08:00:00+08;to2psadgd9;98825415-9b2e-42da-82e8-653cdaec70ec;2025-07-31 08:00:00+08
302;2025-07-30 08:00:00+08;to2psadgd9;b9ce42a7-5266-42f5-b084-11ad46989494;2025-07-31 08:00:00+08
303;2025-07-30 08:00:00+08;to2psadgd9;c0f2301f-d9f6-4c3d-9e24-6c3c9067a54b;2025-07-31 08:00:00+08
304;2025-07-30 08:00:00+08;to2psadgd9;0d8fc633-fea6-40b1-aab8-2e21c943d2ea;2025-07-31 08:00:00+08
305;2025-07-30 08:00:00+08;to2psadgd9;697281e0-5700-4e30-8fdd-9a6aed4f0db2;2025-07-31 08:00:00+08
306;2025-07-30 08:00:00+08;to2psadgd9;1acdb270-ddff-4675-b400-63991adcedb7;2025-07-31 08:00:00+08
307;2025-07-30 08:00:00+08;to2psadgd9;69b80480-87ea-468a-bf68-0680faa10eb7;2025-07-31 08:00:00+08
308;2025-07-30 08:00:00+08;to2psadgd9;de91544a-d586-4549-8729-28926e8ed43f;2025-07-31 08:00:00+08
309;2025-07-30 08:00:00+08;to2psadgd9;e68ddeb8-0e8f-4905-a2b7-9e92ee80026d;2025-07-31 08:00:00+08
310;2025-07-30 08:00:00+08;to2psadgd9;820b7969-30c3-4308-b639-5b379734bd87;2025-07-31 08:00:00+08
311;2025-07-30 08:00:00+08;to2psadgd9;ce493ad4-7e56-4a1f-b0a6-26dc5ab539ce;2025-07-31 08:00:00+08
312;2025-07-30 08:00:00+08;to2psadgd9;2216e006-dce2-40fc-b0e6-4ee39c1c74be;2025-07-31 08:00:00+08
313;2025-07-30 08:00:00+08;to2psadgd9;763b5e0c-09ba-4415-ab69-1bbf80ecf785;2025-07-31 08:00:00+08
314;2025-07-30 08:00:00+08;to2psadgd9;06cfebba-9e60-4010-a9d7-40f4feb8aa42;2025-07-31 08:00:00+08
315;2025-07-30 08:00:00+08;to2psadgd9;7c2ca35c-ed60-4858-a538-09fdb196c323;2025-07-31 08:00:00+08
316;2025-07-30 08:00:00+08;to2psadgd9;f46fbf13-6f2f-47b8-aba7-f05c43371326;2025-07-31 08:00:00+08
317;2025-07-30 08:00:00+08;to2psadgd9;5c7ae77c-f1c2-495d-ae23-ba231f2360b0;2025-07-31 08:00:00+08
318;2025-07-30 08:00:00+08;to2psadgd9;dd500b73-0212-4970-b4fa-3db23907a5ef;2025-07-31 08:00:00+08
319;2025-07-30 08:00:00+08;to2psadgd9;27899968-9085-449a-82db-fc36f4bebc00;2025-07-31 08:00:00+08
320;2025-07-30 08:00:00+08;to2psadgd9;7574a1be-793e-441f-80dd-e9af7f185540;2025-07-31 08:00:00+08
321;2025-07-30 08:00:00+08;to2psadgd9;dac8c034-c825-492e-b039-b8f0da1c5efa;2025-07-31 08:00:00+08
322;2025-07-30 08:00:00+08;to2psadgd9;b519984c-f78b-4801-8894-adb0e9d0be21;2025-07-31 08:00:00+08
323;2025-07-30 08:00:00+08;to2psadgd9;abb9d83a-9d66-4be5-9597-ebebcb2214ca;2025-07-31 08:00:00+08
324;2025-07-30 08:00:00+08;to2psadgd9;aeed6a65-2359-4ba5-9a57-71ab1782d320;2025-07-31 08:00:00+08
325;2025-07-30 08:00:00+08;to2psadgd9;3c994592-a7f1-4236-a11f-61466028baaa;2025-07-31 08:00:00+08
326;2025-07-30 08:00:00+08;to2psadgd9;9deef1f2-e9e7-40f2-b640-30966d738bc0;2025-07-31 08:00:00+08
327;2025-07-30 08:00:00+08;to2psadgd9;d9546097-3fe1-4063-a9d5-ab2c37238400;2025-07-31 08:00:00+08
328;2025-07-30 08:00:00+08;to2psadgd9;1b0a59d6-28fc-451c-805f-c9c9748a4683;2025-07-31 08:00:00+08
329;2025-07-30 08:00:00+08;to2psadgd9;b2b40277-e56c-4bb3-b1d5-282fce0c1071;2025-07-31 08:00:00+08
330;2025-07-30 08:00:00+08;to2psadgd9;68ac73de-074a-4d6c-9944-6f47fb92d96a;2025-07-31 08:00:00+08
331;2025-07-30 08:00:00+08;to2psadgd9;a9b4775d-f38e-4314-9513-e06eb2b86608;2025-07-31 08:00:00+08
332;2025-07-30 08:00:00+08;to2psadgd9;f09dd63f-7428-45b6-8afc-a16cac9c066b;2025-07-31 08:00:00+08
333;2025-07-30 08:00:00+08;to2psadgd9;67896600-4bd2-493d-b365-b53e9e076e13;2025-07-31 08:00:00+08
334;2025-07-30 08:00:00+08;to2psadgd9;77525c83-a9ca-491c-ac8c-efe0f32f95ca;2025-07-31 08:00:00+08
335;2025-07-30 08:00:00+08;to2psadgd9;2a151574-5da6-4a61-b5b4-7c8faadb5ebe;2025-07-31 08:00:00+08
336;2025-07-30 08:00:00+08;to2psadgd9;76d992a5-1b17-479c-8d3b-384254174001;2025-07-31 08:00:00+08
337;2025-07-30 08:00:00+08;to2psadgd9;122908fd-c88c-46ea-9490-91b42a1fdc74;2025-07-31 08:00:00+08
338;2025-07-30 08:00:00+08;to2psadgd9;42d6aa31-8b21-40ba-aee4-2b4d7607e248;2025-07-31 08:00:00+08
339;2025-07-30 08:00:00+08;to2psadgd9;0aceefae-d55d-4ff7-8659-b5995a1e4aed;2025-07-31 08:00:00+08
340;2025-07-30 08:00:00+08;to2psadgd9;4b118271-7ee6-4524-a50d-d00a11ebce5a;2025-07-31 08:00:00+08
341;2025-07-30 08:00:00+08;to2psadgd9;96e6d44a-a851-4f0f-a89c-1e5181863bf1;2025-07-31 08:00:00+08
342;2025-07-30 08:00:00+08;to2psadgd9;9ec2279c-d32a-41ae-ac29-1fcb63c455d2;2025-07-31 08:00:00+08
343;2025-07-30 08:00:00+08;to2psadgd9;ac1e4e3e-1231-4110-b233-a16ff76ea9b1;2025-07-31 08:00:00+08
344;2025-07-30 08:00:00+08;to2psadgd9;d42baed2-94e8-47d7-8b99-b05bf8ebde39;2025-07-31 08:00:00+08
345;2025-07-30 08:00:00+08;to2psadgd9;14f50e51-9626-4e52-83be-bc5450a98a93;2025-07-31 08:00:00+08
346;2025-07-30 08:00:00+08;to2psadgd9;18e2de71-f1d5-49ea-a6f4-28eaa72e4fff;2025-07-31 08:00:00+08
347;2025-07-30 08:00:00+08;to2psadgd9;71c4748f-7b62-40b3-838b-de8f6f3cd619;2025-07-31 08:00:00+08
348;2025-07-30 08:00:00+08;to2psadgd9;f0aed095-9410-46cc-b30e-a2c098509a36;2025-07-31 08:00:00+08
349;2025-07-30 08:00:00+08;to2psadgd9;23ef8ac4-67c4-43f1-9a4f-4730e03b6d8c;2025-07-31 08:00:00+08
350;2025-07-30 08:00:00+08;to2psadgd9;39400d2c-4fae-4216-b628-86f0da0039e0;2025-07-31 08:00:00+08
351;2025-07-30 08:00:00+08;to2psadgd9;9fae2c34-b144-459d-b2e5-baca5cdf4b5f;2025-07-31 08:00:00+08
352;2025-07-30 08:00:00+08;to2psadgd9;df414c9b-bd9d-47b1-b880-67d1ada47def;2025-07-31 08:00:00+08
353;2025-07-30 08:00:00+08;to2psadgd9;09598175-b778-469c-ad8c-bd0e848ce777;2025-07-31 08:00:00+08
354;2025-07-30 08:00:00+08;to2psadgd9;0de0b57e-fe08-44c5-9b6c-cb3c83c6f6b2;2025-07-31 08:00:00+08
355;2025-07-30 08:00:00+08;to2psadgd9;7c9b9006-2c6e-400c-94ef-4715d43ea2c1;2025-07-31 08:00:00+08
356;2025-07-30 08:00:00+08;to2psadgd9;cd669c70-5f1d-4d45-80c4-8c1a3657f85f;2025-07-31 08:00:00+08
357;2025-07-30 08:00:00+08;to2psadgd9;0b31fe8c-05d5-486d-80be-e06ce5e35f01;2025-07-31 08:00:00+08
358;2025-07-30 08:00:00+08;to2psadgd9;1671a52a-89d3-4c04-b742-a5fed6b1c1ff;2025-07-31 08:00:00+08
359;2025-07-30 08:00:00+08;to2psadgd9;5fa1bed1-3f15-42ca-b5c4-7f4526ca762e;2025-07-31 08:00:00+08
360;2025-07-30 08:00:00+08;to2psadgd9;f284ad37-99f1-4dc4-96cd-188f2431b941;2025-07-31 08:00:00+08
361;2025-07-30 08:00:00+08;to2psadgd9;b770860e-915e-452e-a202-1466f6259a6b;2025-07-31 08:00:00+08
362;2025-07-30 08:00:00+08;to2psadgd9;1f12d33e-37c8-4d58-90d7-df5f9295207f;2025-07-31 08:00:00+08
363;2025-07-30 08:00:00+08;to2psadgd9;2daab375-ffca-44cb-b735-01610ef50fb0;2025-07-31 08:00:00+08
364;2025-07-30 08:00:00+08;to2psadgd9;d5a0bac1-fc15-415d-8622-c61ab7a89790;2025-07-31 08:00:00+08
365;2025-07-30 08:00:00+08;to2psadgd9;7b84151e-94d1-4f60-be93-26f4f2e68950;2025-07-31 08:00:00+08
366;2025-07-30 08:00:00+08;to2psadgd9;00e3f1e1-7aa3-41e8-8f06-d3457c841e4c;2025-07-31 08:00:00+08
367;2025-07-30 08:00:00+08;to2psadgd9;9f9c31d5-c426-46b5-b2fd-9e56579d3f3e;2025-07-31 08:00:00+08
368;2025-07-30 08:00:00+08;to2psadgd9;d090c685-7e65-4093-a8ca-67fbad03d928;2025-07-31 08:00:00+08
369;2025-07-30 08:00:00+08;to2psadgd9;bbdd6f0d-386e-4b5f-b44f-29510001e74c;2025-07-31 08:00:00+08
370;2025-07-30 08:00:00+08;to2psadgd9;e5d4c095-f785-41bd-bb76-4b48e2f2a802;2025-07-31 08:00:00+08
371;2025-07-30 08:00:00+08;to2psadgd9;17c33c52-4e39-46fe-894c-a4dac0626388;2025-07-31 08:00:00+08
372;2025-07-30 08:00:00+08;to2psadgd9;5b48b081-5db1-42f2-b1ff-b34252ddb99e;2025-07-31 08:00:00+08
373;2025-07-30 08:00:00+08;to2psadgd9;3b9a7b2a-892c-4bff-ad5d-b4924d0765e5;2025-07-31 08:00:00+08
374;2025-07-30 08:00:00+08;to2psadgd9;19c6c618-934e-4467-9fb2-42924c51f2fd;2025-07-31 08:00:00+08
375;2025-07-30 08:00:00+08;to2psadgd9;0a94906f-5850-407c-b607-98d02664926d;2025-07-31 08:00:00+08
376;2025-07-30 08:00:00+08;to2psadgd9;17ece515-da0e-4729-a6dd-818c29851e13;2025-07-31 08:00:00+08
377;2025-07-30 08:00:00+08;to2psadgd9;1840188c-2ba5-4376-ab04-7d653414df82;2025-07-31 08:00:00+08
378;2025-07-30 08:00:00+08;to2psadgd9;4eb6e543-4995-4ccc-b55a-96f67ffa8f27;2025-07-31 08:00:00+08
379;2025-07-30 08:00:00+08;to2psadgd9;e5d0b8f2-c3d4-4b47-9a08-1f642eb6bb78;2025-07-31 08:00:00+08
380;2025-07-30 08:00:00+08;to2psadgd9;61b3114f-3d40-492e-a3fa-ddaa34904895;2025-07-31 08:00:00+08
381;2025-07-30 08:00:00+08;to2psadgd9;a62fd931-38ee-4d9a-a376-110b798719b5;2025-07-31 08:00:00+08
382;2025-07-30 08:00:00+08;to2psadgd9;381f8366-3017-46fc-920a-ed39bc99602f;2025-07-31 08:00:00+08
383;2025-07-30 08:00:00+08;to2psadgd9;1e0933c8-edbe-4cfa-a625-0f5893591bdd;2025-07-31 08:00:00+08
384;2025-07-30 08:00:00+08;to2psadgd9;b3f43d80-35d6-444c-b5d4-f7640626b8a3;2025-07-31 08:00:00+08
385;2025-07-30 08:00:00+08;to2psadgd9;b7fe35b3-994f-4c3e-bd3f-c2a866bd5863;2025-07-31 08:00:00+08
386;2025-07-30 08:00:00+08;to2psadgd9;cc909443-9d42-4af8-bce6-848280b6566a;2025-07-31 08:00:00+08
387;2025-07-30 08:00:00+08;to2psadgd9;792fefb2-aec0-4b60-9546-fc7cafd15342;2025-07-31 08:00:00+08
388;2025-07-30 08:00:00+08;to2psadgd9;b2ec1acc-904d-4f43-8996-4df6dc206591;2025-07-31 08:00:00+08
389;2025-07-30 08:00:00+08;to2psadgd9;bb1a6942-9ae6-4206-ae58-0d1c66090b76;2025-07-31 08:00:00+08
390;2025-07-30 08:00:00+08;to2psadgd9;b9fe4e03-48b3-403f-8ee1-7bbff18d2516;2025-07-31 08:00:00+08
391;2025-07-30 08:00:00+08;to2psadgd9;6a010bf3-3cde-4663-9fb0-4a5f40edb7da;2025-07-31 08:00:00+08
392;2025-07-30 08:00:00+08;to2psadgd9;1dbf1f50-5790-4d45-a413-c3a8f55eb795;2025-07-31 08:00:00+08
393;2025-07-30 08:00:00+08;to2psadgd9;77a3920c-4989-424d-abaa-863191d36ef9;2025-07-31 08:00:00+08
394;2025-07-30 08:00:00+08;to2psadgd9;a74e4f3f-52c8-469e-9c2c-58de031ee940;2025-07-31 08:00:00+08
395;2025-07-30 08:00:00+08;to2psadgd9;acd85041-43e5-4085-908e-45d2f2a9a945;2025-07-31 08:00:00+08
396;2025-07-30 08:00:00+08;to2psadgd9;4a1f5720-a597-4be8-a6ef-0cdccdab69ab;2025-07-31 08:00:00+08
397;2025-07-30 08:00:00+08;to2psadgd9;df5a2620-281d-4542-9a10-2bcd061cbfca;2025-07-31 08:00:00+08
398;2025-07-30 08:00:00+08;to2psadgd9;aeb28627-dae2-4537-aa65-fc81adfe8205;2025-07-31 08:00:00+08
399;2025-07-30 08:00:00+08;to2psadgd9;7922c425-7568-4ed0-9ff8-8217b21d7737;2025-07-31 08:00:00+08
400;2025-07-30 08:00:00+08;to2psadgd9;eb1c4caa-18d1-4ef7-8d61-122d3bc59cb1;2025-07-31 08:00:00+08
401;2025-07-30 08:00:00+08;to2psadgd9;7cd04152-b5fe-4f6a-a161-c232919ecfaf;2025-07-31 08:00:00+08
402;2025-07-30 08:00:00+08;to2psadgd9;c2aa55fb-a8b3-4ded-ad1a-60776b427775;2025-07-31 08:00:00+08
403;2025-07-30 08:00:00+08;to2psadgd9;75f2a57f-3b7e-4bc4-a729-0923983ecfae;2025-07-31 08:00:00+08
404;2025-07-30 08:00:00+08;to2psadgd9;3b9d9341-d815-430c-8569-7f4cbff5c833;2025-07-31 08:00:00+08
405;2025-07-30 08:00:00+08;to2psadgd9;ae54663c-35ee-4110-9d22-928f62184916;2025-07-31 08:00:00+08
406;2025-07-30 08:00:00+08;to2psadgd9;9bdbe85d-1a56-4c53-a2bf-9fe9777c4d8a;2025-07-31 08:00:00+08
